{
    "loss": 3.174614191055298,
    "accuracy": 0.7516025900840759
}